{
    "yellow forklift": [
        0.9944788841462504,
        0.05909968866053702,
        0.05909968866053702
    ],
    "barrel": [
        0.16516493687200162,
        0.36318222556402613,
        0.8437802807597228
    ],
    "plant": [
        0.65484144393753,
        0.9880689871491762,
        0.18782583321005827
    ],
    "fire extinguisher": [
        0.817997278573164,
        0.025817919762386572,
        0.719282384730852
    ],
    "unknown": [
        0.0860514854347245,
        0.8444006169268581,
        0.7176165709713009
    ]
}