{
    "0": [
        0.8761395273693101,
        0.002055320046021482,
        0.002055320046021482
    ],
    "1": [
        0.023859006903175203,
        0.26678798266602627,
        0.8563889921207684
    ],
    "2": [
        0.605864120475404,
        0.9214037993858915,
        0.16363790341406098
    ],
    "3": [
        0.9553305446033522,
        0.16899981542208195,
        0.8573444590120739
    ],
    "4": [
        0.14891274276172708,
        0.966313642559677,
        0.829657069827554
    ],
    "5": [
        0.9232362045605026,
        0.5034095801367389,
        0.008542066010651704
    ],
    "6": [
        0.3566402772465276,
        0.16967135384235807,
        0.9198769008211821
    ],
    "7": [
        0.1270046698270742,
        0.950609943533244,
        0.0903826677826391
    ],
    "8": [
        0.887663324455226,
        0.09651663107852224,
        0.3610511958727052
    ],
    "9": [
        0.09769639315613918,
        0.6316553788906574,
        0.9504417884309482
    ],
    "10": [
        0.8324960317306876,
        0.9015518012541025,
        0.059811946267263064
    ],
    "11": [
        0.6921381168269837,
        0.1025187565935417,
        0.8486426300245192
    ],
    "12": [
        0.031443986437849784,
        0.8290305109206129,
        0.4289987483421224
    ],
    "13": [
        0.8592090947997423,
        0.24592559838985753,
        0.08617781714024118
    ],
    "14": [
        0.14248569024772662,
        0.20457991351326962,
        0.8717623755414049
    ],
    "15": [
        0.35281209724482143,
        0.9185960123075444,
        0.010521614181150957
    ],
    "16": [
        0.9485907937993318,
        0.08090411144304445,
        0.6611583697656207
    ],
    "17": [
        0.053261343340719546,
        0.8374207356337072,
        0.8696406576050874
    ],
    "18": [
        0.8381969097727638,
        0.6544858452606211,
        0.11013589430974403
    ],
    "19": [
        0.5428618297215259,
        0.16664163030545245,
        0.9919126641744285
    ],
    "20": [
        0.11102672739902537,
        0.8210474674655821,
        0.22752597189219992
    ],
    "21": [
        0.8642477229601859,
        0.013448444966421667,
        0.12211033157390726
    ],
    "22": [
        0.004954352378148356,
        0.4043186126056315,
        0.9569243712067128
    ],
    "23": [
        0.6282876097707504,
        0.8575753313589394,
        0.06334149513302964
    ],
    "24": [
        0.9488032198522287,
        0.0023235549804011507,
        0.9517517831605781
    ]
}