{
    "large cylindrical pressure boiler": [
        0.9952932169154819,
        0.008562649388932432,
        0.008562649388932432
    ],
    "metal scaffolding": [
        0.1600117617851243,
        0.3802876842964159,
        0.9149085785861808
    ],
    "big wooden crate": [
        0.5887808176343325,
        0.9301925407138847,
        0.11029514737193834
    ],
    "blue barrel": [
        0.8832410218679753,
        0.04266433125272805,
        0.7784952495153958
    ],
    "red barrel": [
        0.05447388712323046,
        0.9938320616637013,
        0.8367861509822533
    ],
    "white canister": [
        0.8162859333664388,
        0.4615344540608572,
        0.04337378371874987
    ],
    "red cone": [
        0.34061801820284976,
        0.14854184033203577,
        0.9192400475933741
    ],
    "yellow cone": [
        0.06445511338179383,
        0.9727865424368207,
        0.024065722354478118
    ],
    "ladder": [
        0.9202395709552487,
        0.11383497128556899,
        0.3834712999304681
    ],
    "fire extinguisher": [
        0.05648426220911509,
        0.5263795547713761,
        0.8069183923559649
    ],
    "unknown": [
        0.8350530661777484,
        0.9055008196585905,
        0.046793687606340964
    ]
}