{
    "person": [
        0.8274716067084141,
        0.16216805191142408,
        0.16216805191142408
    ],
    "industrial worker": [
        0.012328986546751474,
        0.24312695078363222,
        0.803285376787969
    ],
    "safety helmet": [
        0.6290416913265661,
        0.9538023108852023,
        0.1738924031806039
    ],
    "safety vest": [
        0.8524817596161458,
        0.008544277030830908,
        0.7473171929351591
    ],
    "reflective vest": [
        0.06171428772388013,
        0.8091473647249035,
        0.6841883113707503
    ],
    "safety goggles": [
        0.9196333170878013,
        0.5499286936374134,
        0.11414211574009589
    ],
    "ear protection": [
        0.3345595230392432,
        0.1558946183528443,
        0.8727806125906991
    ],
    "industrial pipe": [
        0.10358164409188206,
        0.9209967110663033,
        0.06723489254768411
    ],
    "gas pipe": [
        0.836635141857594,
        0.14074117647142934,
        0.3734262256759186
    ],
    "pipe": [
        0.04762367874082149,
        0.5321106556522133,
        0.8213610811809694
    ],
    "valve": [
        0.9219001018851304,
        0.9921675248495084,
        0.135658491288171
    ],
    "valve wheel": [
        0.7384826058632397,
        0.05095606344114585,
        0.920974929028397
    ],
    "valve handle": [
        0.07050907456697413,
        0.9416517521170666,
        0.5047276942743111
    ],
    "pressure gauge": [
        0.9624864703430567,
        0.2549982740108673,
        0.07071209920595435
    ],
    "analog gauge": [
        0.14180616078349775,
        0.20149603032180588,
        0.8428444846925301
    ],
    "flange": [
        0.4363803718176609,
        0.8870135758951195,
        0.16375428082830681
    ],
    "pump": [
        0.8835945490311037,
        0.05424234022199879,
        0.6088609146409086
    ],
    "fire extinguisher": [
        0.044256713602642044,
        0.942762963224002,
        0.9796812244067757
    ],
    "forklift": [
        0.8449345690453682,
        0.6415679126971153,
        0.03897693810234206
    ],
    "cardboard box": [
        0.38928567164831596,
        0.01245430394652798,
        0.839065987477065
    ],
    "pallet": [
        0.04665698114434248,
        0.8032843700009207,
        0.17080338165142056
    ],
    "blue barrel": [
        0.9989997445737129,
        0.1386395408314399,
        0.24852252418456083
    ],
    "metal shelf": [
        0.04909720979790352,
        0.41048521105545455,
        0.9105427036074994
    ],
    "storage rack": [
        0.7004647360321468,
        0.9613764065899114,
        0.05759980840211402
    ],
    "unknown": [
        0.8589320108834462,
        0.03475062076109997,
        0.8614995789956128
    ]
}