{
    "0": [
        0.9205816603233459,
        0.11275306450160505,
        0.11275306450160505
    ],
    "1": [
        0.09329186319892724,
        0.3196391287240601,
        0.8689954820444568
    ],
    "2": [
        0.5152521631102813,
        0.8309998686990709,
        0.07273439840171007
    ],
    "3": [
        0.8893005015500386,
        0.16264948616570787,
        0.7987512123691697
    ],
    "4": [
        0.024794612918381122,
        0.9417112595026434,
        0.7884172192902952
    ],
    "5": [
        0.907034262589737,
        0.5320703066961923,
        0.09008432975961644
    ],
    "6": [
        0.3776645645507026,
        0.1876606207147745,
        0.9500440693557771
    ],
    "7": [
        0.16715082531535838,
        0.9295957590996102,
        0.13324834701022603
    ],
    "8": [
        0.9250756032388862,
        0.09671707923496378,
        0.3736941095068847
    ],
    "9": [
        0.06060065988402598,
        0.5326533108132441,
        0.8144801434428977
    ],
    "10": [
        0.8496716665859043,
        0.9183986394783075,
        0.08066657747412437
    ],
    "11": [
        0.6587928311665978,
        0.0008777105695331452,
        0.833425301907679
    ],
    "12": [
        0.12586510762142153,
        0.945358876710034,
        0.5343394740399569
    ],
    "13": [
        0.8072961345801212,
        0.19332643393839682,
        0.03339991055050003
    ],
    "14": [
        0.18401784289300907,
        0.2494426648468414,
        0.9524113387964592
    ],
    "15": [
        0.3714751847377998,
        0.9512740482150003,
        0.020705875508892642
    ],
    "16": [
        0.8642930305559419,
        0.12462497928309334,
        0.6192684320680433
    ],
    "17": [
        0.014399669530398526,
        0.9477120560797724,
        0.9860604487217466
    ],
    "18": [
        0.9717925812318462,
        0.7701131010700114,
        0.17252135870309107
    ],
    "19": [
        0.4590374039162997,
        0.08038754377498969,
        0.9109882452741963
    ],
    "20": [
        0.1470378278959953,
        0.9084777081100222,
        0.27197385548807956
    ],
    "21": [
        0.976377741656753,
        0.13432307593504197,
        0.2418681232459864
    ],
    "22": [
        0.16337716600804647,
        0.4592800513842977,
        0.8687248984330805
    ],
    "23": [
        0.664580103770324,
        0.87565430464253,
        0.14451060830390283
    ],
    "24": [
        0.7987402540294667,
        0.13171528680088831,
        0.8008182335330088
    ],
    "25": [
        0.06453429933888592,
        0.8782831787103624,
        0.6383072609696689
    ],
    "26": [
        0.8782915437427588,
        0.39093599070673557,
        0.04761586982199899
    ],
    "27": [
        0.1247889959474179,
        0.017905854084414505,
        0.8975577703663729
    ],
    "28": [
        0.2761542939823501,
        0.835757717264625,
        0.16130116123426763
    ],
    "29": [
        0.8829575251625695,
        0.07023619534651293,
        0.44578330923009235
    ],
    "30": [
        0.11888982890228254,
        0.6716814511766072,
        0.8521499464391993
    ],
    "31": [
        0.9232145335300295,
        0.8839597034179648,
        0.06383473137925952
    ],
    "32": [
        0.6530314573470944,
        0.0810577469494331,
        0.9443806181223728
    ],
    "33": [
        0.06913450455381336,
        0.8416499257174406,
        0.3555289708784957
    ]
}